PROVIDER;DESCRIPTION;SUBSCRIPTIONID;LOCATION;ASSESSMENTDATE;REQUIREMENTS_ID;REQUIREMENTS_DESCRIPTION;REQUIREMENTS_ATTRIBUTES_TITLE;REQUIREMENTS_ATTRIBUTES_SECTION;REQUIREMENTS_ATTRIBUTES_SUBSECTION;REQUIREMENTS_ATTRIBUTES_ATTRIBUTEDESCRIPTION;REQUIREMENTS_ATTRIBUTES_ADDITIONALINFORMATION;REQUIREMENTS_ATTRIBUTES_LEVELOFRISK;REQUIREMENTS_ATTRIBUTES_WEIGHT;STATUS;STATUSEXTENDED;RESOURCEID;RESOURCENAME;CHECKID;MUTED;FRAMEWORK;NAME
azure;Prowler ThreatScore Compliance Framework for Azure ensures that the Azure subscription is compliant taking into account four main pillars: Identity and Access Management, Attack Surface, Forensic Readiness and Encryption;843e85de-3f5f-4614-967a-9f39f1fe9ba7;Central India;2026-06-27 09:46:44.662891;2.3.1;Ensure App Service Authentication is set up for apps in Azure App Service;App Service Authentication is set up for apps in Azure App Service;2. Attack Surface;2.3 Application;Enable Azure App Service Authentication to restrict anonymous HTTP requests and enforce authentication using identity providers before requests reach the application.;Enabling App Service Authentication ensures that all incoming HTTP requests are validated and authenticated before being processed by the application. It integrates with Microsoft Entra ID, Google, Facebook, Microsoft Accounts, and Twitter to manage authentication, token validation, and session handling. Additionally, disabling HTTP Basic Authentication helps mitigate risks from legacy authentication methods, strengthening application security.;3;10;FAIL;Authentication is not set up for app 'ref3tier-dev-app-7mog1c' in subscription 'Azure subscription 1 (843e85de-3f5f-4614-967a-9f39f1fe9ba7)'.;/subscriptions/843e85de-3f5f-4614-967a-9f39f1fe9ba7/resourceGroups/ref3tier-dev-rg/providers/Microsoft.Web/sites/ref3tier-dev-app-7mog1c;ref3tier-dev-app-7mog1c;app_ensure_auth_is_set_up;False;ProwlerThreatScore;Prowler ThreatScore Compliance Framework for Azure
azure;Prowler ThreatScore Compliance Framework for Azure ensures that the Azure subscription is compliant taking into account four main pillars: Identity and Access Management, Attack Surface, Forensic Readiness and Encryption;843e85de-3f5f-4614-967a-9f39f1fe9ba7;Central India;2026-06-27 09:46:44.662891;4.1.4;Ensure 'HTTPS Only' is set to `On`;`HTTPS Only' is set to `On`;4. Encryption;4.1 In-Transit;Configure Azure App Service to enforce HTTPS-only traffic, ensuring that all HTTP requests are automatically redirected to HTTPS for secure communication.;Enforcing HTTPS protects data in transit by using TLS/SSL encryption, preventing man-in-the-middle attacks and ensuring secure authentication. Redirecting non-secure HTTP traffic to HTTPS enhances the confidentiality and integrity of application communications, reducing exposure to security vulnerabilities.;3;10;PASS;HTTP is redirected to HTTPS for app 'ref3tier-dev-app-7mog1c' in subscription 'Azure subscription 1 (843e85de-3f5f-4614-967a-9f39f1fe9ba7)'.;/subscriptions/843e85de-3f5f-4614-967a-9f39f1fe9ba7/resourceGroups/ref3tier-dev-rg/providers/Microsoft.Web/sites/ref3tier-dev-app-7mog1c;ref3tier-dev-app-7mog1c;app_ensure_http_is_redirected_to_https;False;ProwlerThreatScore;Prowler ThreatScore Compliance Framework for Azure
azure;Prowler ThreatScore Compliance Framework for Azure ensures that the Azure subscription is compliant taking into account four main pillars: Identity and Access Management, Attack Surface, Forensic Readiness and Encryption;843e85de-3f5f-4614-967a-9f39f1fe9ba7;Central India;2026-06-27 09:46:44.662891;4.1.6;Ensure that 'HTTP20enabled' is set to 'true';HTTP20enabled' is set to 'true';4. Encryption;4.1 In-Transit;Ensure that Azure App Service is configured to use the latest supported HTTP version to benefit from security improvements, performance enhancements, and new functionalities.;Newer HTTP versions provide security enhancements, performance optimizations, and better resource management. HTTP/2, for example, improves efficiency by addressing issues such as head-of-line blocking, header compression, and request prioritization. Keeping apps updated to the latest HTTP version ensures they leverage modern security protocols and enhanced data transmission capabilities while maintaining compatibility and performance standards.;1;1;FAIL;HTTP/2.0 is not enabled for app 'ref3tier-dev-app-7mog1c' in subscription 'Azure subscription 1 (843e85de-3f5f-4614-967a-9f39f1fe9ba7)'.;/subscriptions/843e85de-3f5f-4614-967a-9f39f1fe9ba7/resourceGroups/ref3tier-dev-rg/providers/Microsoft.Web/sites/ref3tier-dev-app-7mog1c;ref3tier-dev-app-7mog1c;app_ensure_using_http20;False;ProwlerThreatScore;Prowler ThreatScore Compliance Framework for Azure
azure;Prowler ThreatScore Compliance Framework for Azure ensures that the Azure subscription is compliant taking into account four main pillars: Identity and Access Management, Attack Surface, Forensic Readiness and Encryption;843e85de-3f5f-4614-967a-9f39f1fe9ba7;Central India;2026-06-27 09:46:44.662891;2.3.2;Ensure 'FTP State' is set to 'FTPS Only' or 'Disabled' ;FTP State' is set to 'FTPS Only' or 'Disabled' ;2. Attack Surface;2.3 Application;Ensure that FTP access is disabled for Azure App Services, or if required, enforce FTPS (FTP over SSL/TLS) for secure authentication and data transmission.;FTP transmits data, including credentials, in plaintext, making it vulnerable to interception, credential theft, and data exfiltration. Requiring FTPS ensures that all FTP connections are encrypted, reducing the risk of unauthorized access, persistence, and lateral movement within the environment. If FTP is not needed, disabling it entirely enhances security by eliminating an unnecessary attack vector.;3;10;PASS;FTP is disabled for app 'ref3tier-dev-app-7mog1c' in subscription 'Azure subscription 1 (843e85de-3f5f-4614-967a-9f39f1fe9ba7)'.;/subscriptions/843e85de-3f5f-4614-967a-9f39f1fe9ba7/resourceGroups/ref3tier-dev-rg/providers/Microsoft.Web/sites/ref3tier-dev-app-7mog1c;ref3tier-dev-app-7mog1c;app_ftp_deployment_disabled;False;ProwlerThreatScore;Prowler ThreatScore Compliance Framework for Azure
azure;Prowler ThreatScore Compliance Framework for Azure ensures that the Azure subscription is compliant taking into account four main pillars: Identity and Access Management, Attack Surface, Forensic Readiness and Encryption;843e85de-3f5f-4614-967a-9f39f1fe9ba7;Central India;2026-06-27 09:46:44.662891;3.1.9;Ensure that logging for Azure AppService 'HTTP logs' is enabled;Logging for Azure AppService 'HTTP logs' is enabled;3. Logging and Monitoring;3.1 Logging;Enable AppServiceHTTPLogs for Azure App Service instances to capture and centrally log all HTTP requests.;Logging web requests provides critical data for security monitoring and incident response. Captured logs can be ingested into a SIEM or central log aggregation system, helping security analysts detect anomalies, investigate threats, and enhance application security.;1;1;FAIL;App ref3tier-dev-app-7mog1c does not have a diagnostic setting in subscription Azure subscription 1 (843e85de-3f5f-4614-967a-9f39f1fe9ba7).;/subscriptions/843e85de-3f5f-4614-967a-9f39f1fe9ba7/resourceGroups/ref3tier-dev-rg/providers/Microsoft.Web/sites/ref3tier-dev-app-7mog1c;ref3tier-dev-app-7mog1c;app_http_logs_enabled;False;ProwlerThreatScore;Prowler ThreatScore Compliance Framework for Azure
azure;Prowler ThreatScore Compliance Framework for Azure ensures that the Azure subscription is compliant taking into account four main pillars: Identity and Access Management, Attack Surface, Forensic Readiness and Encryption;843e85de-3f5f-4614-967a-9f39f1fe9ba7;Central India;2026-06-27 09:46:44.662891;4.1.5;Ensure Web App is using the latest version of TLS encryption;Web App is using the latest version of TLS encryption;4. Encryption;4.1 In-Transit;Ensure that Azure App Service is configured to use TLS 1.2 or higher to secure data transmission and align with industry security standards.;TLS 1.0 and 1.1 are outdated protocols with known vulnerabilities that expose web applications to security threats, including data interception and man-in-the-middle attacks. TLS 1.2 is the recommended encryption standard by industry frameworks such as PCI DSS, providing stronger encryption and improved security for web app connections.;4;100;PASS;Minimum TLS version is set to 1.2 for app 'ref3tier-dev-app-7mog1c' in subscription 'Azure subscription 1 (843e85de-3f5f-4614-967a-9f39f1fe9ba7)'.;/subscriptions/843e85de-3f5f-4614-967a-9f39f1fe9ba7/resourceGroups/ref3tier-dev-rg/providers/Microsoft.Web/sites/ref3tier-dev-app-7mog1c;ref3tier-dev-app-7mog1c;app_minimum_tls_version_12;False;ProwlerThreatScore;Prowler ThreatScore Compliance Framework for Azure
azure;Prowler ThreatScore Compliance Framework for Azure ensures that the Azure subscription is compliant taking into account four main pillars: Identity and Access Management, Attack Surface, Forensic Readiness and Encryption;843e85de-3f5f-4614-967a-9f39f1fe9ba7;global;2026-06-27 09:46:44.662891;3.3.13;Ensure Application Insights are Configured;Application Insights are Configured;3. Logging and Monitoring;3.3 Monitoring;Application Insights in Azure serves as an Application Performance Monitoring (APM) solution, providing valuable insights into application performance, telemetry data, and trace logs. It helps organizations monitor application health and troubleshoot incidents efficiently.;Enabling Application Insights enhances security monitoring and performance optimization by collecting metrics, telemetry, and trace logs. These logs aid in proactive performance tuning to reduce costs and support incident response by helping identify the root cause of potential security or operational issues. Integrating Application Insights into a broader logging and monitoring strategy strengthens an organization’s overall observability and security posture.;1;1;FAIL;There are no AppInsight configured in subscription Azure subscription 1 (843e85de-3f5f-4614-967a-9f39f1fe9ba7).;/subscriptions/843e85de-3f5f-4614-967a-9f39f1fe9ba7;843e85de-3f5f-4614-967a-9f39f1fe9ba7;appinsights_ensure_is_configured;False;ProwlerThreatScore;Prowler ThreatScore Compliance Framework for Azure
azure;Prowler ThreatScore Compliance Framework for Azure ensures that the Azure subscription is compliant taking into account four main pillars: Identity and Access Management, Attack Surface, Forensic Readiness and Encryption;843e85de-3f5f-4614-967a-9f39f1fe9ba7;global;2026-06-27 09:46:44.662891;3.3.21;Ensure That Microsoft Defender for DNS Is Set To 'On';Defender for DNS Is Set To 'On';3. Logging and Monitoring;3.3 Monitoring;Enable Microsoft Defender for DNS to monitor and scan outgoing DNS traffic within a subscription for potential security threats. (Note: As of August 1, 2023, new subscribers receive DNS threat alerts as part of Defender for Servers P2.);Defender for DNS analyzes DNS queries against a dynamic threat intelligence list to detect potential malicious activity, compromised services, or security breaches. Monitoring DNS lookups helps identify and prevent threats such as data exfiltration, command and control (C2) communications, and phishing attacks, improving overall network security.;4;100;FAIL;Defender plan Defender for DNS from subscription Azure subscription 1 (843e85de-3f5f-4614-967a-9f39f1fe9ba7) is set to OFF (pricing tier not standard).;/subscriptions/843e85de-3f5f-4614-967a-9f39f1fe9ba7/providers/Microsoft.Security/pricings/Dns;Defender plan DNS;defender_ensure_defender_for_dns_is_on;False;ProwlerThreatScore;Prowler ThreatScore Compliance Framework for Azure
azure;Prowler ThreatScore Compliance Framework for Azure ensures that the Azure subscription is compliant taking into account four main pillars: Identity and Access Management, Attack Surface, Forensic Readiness and Encryption;e1a014d8-2ca2-4275-8220-414092cd8ed6;global;2026-06-27 09:46:44.662891;1.1.4;Ensure Multi-factor Authentication is Required to access Microsoft Admin Portals;MFA Required to access Microsoft Admin Portals;1. IAM;1.1 Authentication;This recommendation ensures that users accessing Microsoft Admin Portals (such as Microsoft 365 Admin, Microsoft 365 Defender, Exchange Admin Center, and Azure Portal) must authenticate using multi-factor authentication (MFA) before logging in.;Microsoft Admin Portals provide privileged access to critical settings and resources, requiring enhanced security measures. Enforcing MFA reduces the risk of unauthorized access, credential compromise, and administrative abuse, preventing intruders from making unauthorized changes to administrative settings.;4;100;FAIL;Conditional Access Policy does not require MFA for Microsoft Admin Portals.;Conditional Access Policy;Conditional Access Policy;entra_conditional_access_policy_require_mfa_for_admin_portals;False;ProwlerThreatScore;Prowler ThreatScore Compliance Framework for Azure
azure;Prowler ThreatScore Compliance Framework for Azure ensures that the Azure subscription is compliant taking into account four main pillars: Identity and Access Management, Attack Surface, Forensic Readiness and Encryption;e1a014d8-2ca2-4275-8220-414092cd8ed6;global;2026-06-27 09:46:44.662891;1.1.3;Ensure Multi-factor Authentication is Required for Windows Azure Service Management API;MFA Required for Windows Azure Service Management API;1. IAM;1.1 Authentication;This recommendation ensures that users accessing the Windows Azure Service Management API (e.g., Azure PowerShell, Azure CLI, Azure Resource Manager API) are required to authenticate using multi-factor authentication (MFA) before accessing resources.;Administrative access to the Azure Service Management API should be secured with enhanced authentication measures to prevent unauthorized changes. Enforcing MFA helps mitigate the risk of credential compromise, privilege abuse, and unauthorized modifications to administrative settings. IMPORTANT: While exceptions for specific users or groups may be configured, they should be carefully tracked and periodically reviewed through an Access Review process. The policy should apply to all users by default, ensuring that only explicitly exempted accounts bypass MFA.;3;10;FAIL;Conditional Access Policy does not require MFA for management API.;Conditional Access Policy;Conditional Access Policy;entra_conditional_access_policy_require_mfa_for_management_api;False;ProwlerThreatScore;Prowler ThreatScore Compliance Framework for Azure
azure;Prowler ThreatScore Compliance Framework for Azure ensures that the Azure subscription is compliant taking into account four main pillars: Identity and Access Management, Attack Surface, Forensic Readiness and Encryption;e1a014d8-2ca2-4275-8220-414092cd8ed6;global;2026-06-27 09:46:44.662891;1.2.2;Ensure fewer than 5 users have global administrator assignment;Fewer than 5 users have global administrator assignment;1. IAM;1.2 Authorization;To maintain security and operational efficiency, it is recommended to have a minimum of two and a maximum of four users assigned the Global Administrator role in Microsoft Entra ID. This ensures redundancy while minimizing the risk of excessive privileged access.;The Global Administrator role holds broad privileges across Microsoft Entra ID services and should not be used for daily tasks. Administrators should have separate accounts for regular activities and privileged actions. Limiting the number of Global Administrators reduces the risk of unauthorized access, human error, and privilege misuse, while ensuring at least two administrators are available to prevent disruptions in case of unavailability. This approach aligns with the principle of least privilege and strengthens the security posture of an Azure tenant.;4;100;PASS;There are 0 global administrators.;9b0fb422-f474-43cc-9cd7-5e92ffca10b6;Global Administrator;entra_global_admin_in_less_than_five_users;False;ProwlerThreatScore;Prowler ThreatScore Compliance Framework for Azure
azure;Prowler ThreatScore Compliance Framework for Azure ensures that the Azure subscription is compliant taking into account four main pillars: Identity and Access Management, Attack Surface, Forensic Readiness and Encryption;e1a014d8-2ca2-4275-8220-414092cd8ed6;global;2026-06-27 09:46:44.662891;1.3.1;Ensure that 'Users can create security groups in Azure portals, API or PowerShell' is set to 'No';Users can create security groups in Azure portals, API or PowerShell' is set to 'No';1. IAM;1.3 Privilege Escalation Prevention;Limit the ability to create security groups to administrators only, preventing unauthorized users from managing group memberships.;Allowing all users to create and manage security groups can lead to uncontrolled access, misconfigurations, and potential security risks. Unless business requirements justify broader delegation, restricting security group creation to administrators ensures that group permissions and memberships are properly managed, reducing the risk of unauthorized access.;4;100;FAIL;Non-privileged users are able to create security groups via the Access Panel and the Azure administration portal.;authorizationPolicy;Authorization Policy;entra_policy_default_users_cannot_create_security_groups;False;ProwlerThreatScore;Prowler ThreatScore Compliance Framework for Azure
azure;Prowler ThreatScore Compliance Framework for Azure ensures that the Azure subscription is compliant taking into account four main pillars: Identity and Access Management, Attack Surface, Forensic Readiness and Encryption;e1a014d8-2ca2-4275-8220-414092cd8ed6;global;2026-06-27 09:46:44.662891;1.3.2;Ensure That ‘Users Can Register Applications’ Is Set to ‘No’;‘Users Can Register Applications’ Is Set to ‘No’;1. IAM;1.3 Privilege Escalation Prevention;Restrict the ability to register third-party applications to administrators or appropriately delegated users, ensuring better security control over app integrations.;Allowing unrestricted application registration can expose Microsoft Entra ID data to security risks. Requiring administrator approval ensures that custom-developed applications undergo a formal security review before being granted access. Organizations may delegate permissions to developers or high-request users as needed, but policies should be reviewed to align with security best practices and operational needs.;4;100;FAIL;App creation is not disabled for non-admin users.;authorizationPolicy;Authorization Policy;entra_policy_ensure_default_user_cannot_create_apps;False;ProwlerThreatScore;Prowler ThreatScore Compliance Framework for Azure
azure;Prowler ThreatScore Compliance Framework for Azure ensures that the Azure subscription is compliant taking into account four main pillars: Identity and Access Management, Attack Surface, Forensic Readiness and Encryption;e1a014d8-2ca2-4275-8220-414092cd8ed6;global;2026-06-27 09:46:44.662891;1.2.1;Ensure that 'Restrict non-admin users from creating tenants' is set to 'Yes';Restrict non-admin users from creating tenants is set to Yes;1. IAM;1.2 Authorization;Restrict the ability to create new Microsoft Entra ID or Azure AD B2C tenants to administrators or appropriately delegated users.;Limiting tenant creation to authorized administrators prevents unauthorized users from creating new tenants, reducing the risk of uncontrolled environments, misconfigurations, and potential security gaps. This ensures that only approved users can establish and manage tenant resources.;4;100;FAIL;Tenants creation is not disabled for non-admin users.;authorizationPolicy;Authorization Policy;entra_policy_ensure_default_user_cannot_create_tenants;False;ProwlerThreatScore;Prowler ThreatScore Compliance Framework for Azure
azure;Prowler ThreatScore Compliance Framework for Azure ensures that the Azure subscription is compliant taking into account four main pillars: Identity and Access Management, Attack Surface, Forensic Readiness and Encryption;e1a014d8-2ca2-4275-8220-414092cd8ed6;global;2026-06-27 09:46:44.662891;1.3.3;Ensure that 'Guest invite restrictions' is set to 'Only users assigned to specific admin roles can invite guest users';Guest invite restrictions' is set to 'Only users assigned to specific admin roles can invite guest users';1. IAM;1.3 Privilege Escalation Prevention;Limit the ability to send invitations to users with specific administrative roles, preventing unauthorized guest access to cloud resources.;Restricting guest invitations to designated administrators helps enforce “Need to Know” permissions, reducing the risk of unintended data exposure. By default, anyone in the organization—including guests and non-admins—can invite external users, which can lead to unauthorized access. Restricting this capability ensures that only approved accounts can extend access to the tenant, strengthening security and access control.;2;8;FAIL;Guest invitations are not restricted to users with specific administrative roles only.;authorizationPolicy;Authorization Policy;entra_policy_guest_invite_only_for_admin_roles;False;ProwlerThreatScore;Prowler ThreatScore Compliance Framework for Azure
azure;Prowler ThreatScore Compliance Framework for Azure ensures that the Azure subscription is compliant taking into account four main pillars: Identity and Access Management, Attack Surface, Forensic Readiness and Encryption;e1a014d8-2ca2-4275-8220-414092cd8ed6;global;2026-06-27 09:46:44.662891;1.2.3;Ensure That 'Guest users access restrictions' is set to 'Guest user access is restricted to properties and memberships of their own directory objects';Guest users access restrictions' is set to 'Guest user access is restricted to properties and memberships of their own directory objects';1. IAM;1.2 Authorization;Restrict guest user permissions to prevent unauthorized access to directory resources and administrative roles.;Limiting guest access ensures that guest accounts cannot enumerate users, groups, or directory objects and prevents them from being assigned administrative roles. Guest access has three levels of restriction, with the most secure option being: “Guest user access is restricted to their own directory object” (most restrictive). This setting minimizes the risk of unauthorized access and ensures guests only interact with their assigned resources.;3;10;FAIL;Guest user access is not restricted to properties and memberships of their own directory objects;authorizationPolicy;Authorization Policy;entra_policy_guest_users_access_restrictions;False;ProwlerThreatScore;Prowler ThreatScore Compliance Framework for Azure
azure;Prowler ThreatScore Compliance Framework for Azure ensures that the Azure subscription is compliant taking into account four main pillars: Identity and Access Management, Attack Surface, Forensic Readiness and Encryption;e1a014d8-2ca2-4275-8220-414092cd8ed6;global;2026-06-27 09:46:44.662891;1.2.4;Ensure `User consent for applications` is set to `Do not allow user consent` ;`User consent for applications` is set to `Do not allow user consent` ;1. IAM;1.2 Authorization;Require administrators to provide consent before applications can access Microsoft Entra ID resources, preventing unauthorized or malicious app integrations.;Allowing users to grant application permissions without restrictions increases the risk of data exfiltration and privilege abuse by malicious applications. Restricting app consent to administrators ensures that only verified and approved applications gain access, protecting sensitive data and privileged accounts from unauthorized use.;4;100;FAIL;Entra allows users to consent apps accessing company data on their behalf;authorizationPolicy;Authorization Policy;entra_policy_restricts_user_consent_for_apps;False;ProwlerThreatScore;Prowler ThreatScore Compliance Framework for Azure
azure;Prowler ThreatScore Compliance Framework for Azure ensures that the Azure subscription is compliant taking into account four main pillars: Identity and Access Management, Attack Surface, Forensic Readiness and Encryption;e1a014d8-2ca2-4275-8220-414092cd8ed6;global;2026-06-27 09:46:44.662891;1.2.5;Ensure ‘User consent for applications’ Is Set To ‘Allow for Verified Publishers’;‘User consent for applications’ Is Set To ‘Allow for Verified Publishers’;1. IAM;1.2 Authorization;Allow users to grant consent only for selected permissions when the request comes from a verified publisher, ensuring tighter control over third-party application access.;Restricting app consent to verified publishers helps mitigate the risk of unauthorized data access and privilege abuse. Malicious applications may attempt to exploit user-granted permissions, so ensuring only trusted, verified applications can request access enhances security while maintaining flexibility for approved integrations.;4;100;PASS;Entra does not allow users to consent non-verified apps accessing company data on their behalf.;authorizationPolicy;Authorization Policy;entra_policy_user_consent_for_verified_apps;False;ProwlerThreatScore;Prowler ThreatScore Compliance Framework for Azure
azure;Prowler ThreatScore Compliance Framework for Azure ensures that the Azure subscription is compliant taking into account four main pillars: Identity and Access Management, Attack Surface, Forensic Readiness and Encryption;e1a014d8-2ca2-4275-8220-414092cd8ed6;global;2026-06-27 09:46:44.662891;1.2.6;Ensure Trusted Locations Are Defined;Trusted Locations Are Defined;1. IAM;1.2 Authorization;Microsoft Entra ID Conditional Access allows organizations to define Named Locations and categorize them as trusted or untrusted. These locations can be based on geographical regions, specific IP addresses, or IP ranges to enhance access control policies.;Defining trusted IP addresses or ranges enables organizations to enforce Conditional Access policies based on user location. Users authenticating from trusted locations may receive fewer access restrictions, while those from untrusted sources can be subject to stricter security controls, reducing the risk of unauthorized access.;2;8;FAIL;There is no trusted location with IP ranges defined.;e1a014d8-2ca2-4275-8220-414092cd8ed6;vigneshrajaramasamygmail.onmicrosoft.com;entra_trusted_named_locations_exists;False;ProwlerThreatScore;Prowler ThreatScore Compliance Framework for Azure
azure;Prowler ThreatScore Compliance Framework for Azure ensures that the Azure subscription is compliant taking into account four main pillars: Identity and Access Management, Attack Surface, Forensic Readiness and Encryption;e1a014d8-2ca2-4275-8220-414092cd8ed6;global;2026-06-27 09:46:44.662891;1.3.4;Ensure that 'Users can create Microsoft 365 groups in Azure portals, API or PowerShell' is set to 'No';Users can create Microsoft 365 groups in Azure portals, API or PowerShell' is set to 'No';1. IAM;1.3 Privilege Escalation Prevention;Limit Microsoft 365 group creation to administrators only, ensuring that group management remains under centralized control.;Restricting group creation to administrators prevents unauthorized or unnecessary group creation, ensuring that only appropriate groups are created and managed. This reduces the risk of misconfigurations, access issues, and uncontrolled resource sharing within the organization.;4;100;FAIL;Users can create Microsoft 365 groups.;e1a014d8-2ca2-4275-8220-414092cd8ed6;vigneshrajaramasamygmail.onmicrosoft.com;entra_users_cannot_create_microsoft_365_groups;False;ProwlerThreatScore;Prowler ThreatScore Compliance Framework for Azure
azure;Prowler ThreatScore Compliance Framework for Azure ensures that the Azure subscription is compliant taking into account four main pillars: Identity and Access Management, Attack Surface, Forensic Readiness and Encryption;843e85de-3f5f-4614-967a-9f39f1fe9ba7;centralindia;2026-06-27 09:46:44.662891;3.1.7;Ensure that logging for Azure Key Vault is 'Enabled' ;Logging for Azure Keyvault enabled;3. Logging and Monitoring;3.1 Logging;Enable AuditEvent logging for Azure Key Vault to track and log interactions with keys, certificates, and other sensitive information.;Logging Key Vault access events provides an audit trail that helps monitor who accessed the vault, when, and how. This enhances security, compliance, and incident response by ensuring logs are stored in a designated Azure Storage account or Log Analytics workspace, allowing centralized monitoring across multiple Key Vaults.;3;10;FAIL;Key Vault ref3tierkv7mog1c in subscription Azure subscription 1 (843e85de-3f5f-4614-967a-9f39f1fe9ba7) does not have a diagnostic setting with audit logging.;/subscriptions/843e85de-3f5f-4614-967a-9f39f1fe9ba7/resourceGroups/ref3tier-dev-rg/providers/Microsoft.KeyVault/vaults/ref3tierkv7mog1c;ref3tierkv7mog1c;keyvault_logging_enabled;False;ProwlerThreatScore;Prowler ThreatScore Compliance Framework for Azure
azure;Prowler ThreatScore Compliance Framework for Azure ensures that the Azure subscription is compliant taking into account four main pillars: Identity and Access Management, Attack Surface, Forensic Readiness and Encryption;843e85de-3f5f-4614-967a-9f39f1fe9ba7;global;2026-06-27 09:46:44.662891;3.3.3;Ensure that Activity Log Alert exists for Create Policy Assignment;Activity Log Alert exists for Create Policy Assignment;3. Logging and Monitoring;3.3 Monitoring;Create an activity log alert for the Create Policy Assignment event to track changes in Azure Policy assignments.;Monitoring policy assignment events helps detect unauthorized or unintended changes in Azure policies, providing greater visibility and reducing the time required to identify and respond to policy modifications.;4;100;FAIL;There is not an alert for creating Policy Assignments in subscription Azure subscription 1 (843e85de-3f5f-4614-967a-9f39f1fe9ba7).;/subscriptions/843e85de-3f5f-4614-967a-9f39f1fe9ba7;843e85de-3f5f-4614-967a-9f39f1fe9ba7;monitor_alert_create_policy_assignment;False;ProwlerThreatScore;Prowler ThreatScore Compliance Framework for Azure
azure;Prowler ThreatScore Compliance Framework for Azure ensures that the Azure subscription is compliant taking into account four main pillars: Identity and Access Management, Attack Surface, Forensic Readiness and Encryption;843e85de-3f5f-4614-967a-9f39f1fe9ba7;global;2026-06-27 09:46:44.662891;3.3.5;Ensure that Activity Log Alert exists for Create or Update Network Security Group;Activity Log Alert exists for Create or Update Network Security Group;3. Logging and Monitoring;3.3 Monitoring;Create an Activity Log Alert for the Create or Update Network Security Group (NSG) event to track changes in network security configurations.;Monitoring NSG creation and updates provides visibility into network access changes, helping to detect unauthorized modifications and identify potential security risks in a timely manner.;4;100;FAIL;There is not an alert for creating/updating Network Security Groups in subscription Azure subscription 1 (843e85de-3f5f-4614-967a-9f39f1fe9ba7).;/subscriptions/843e85de-3f5f-4614-967a-9f39f1fe9ba7;843e85de-3f5f-4614-967a-9f39f1fe9ba7;monitor_alert_create_update_nsg;False;ProwlerThreatScore;Prowler ThreatScore Compliance Framework for Azure
azure;Prowler ThreatScore Compliance Framework for Azure ensures that the Azure subscription is compliant taking into account four main pillars: Identity and Access Management, Attack Surface, Forensic Readiness and Encryption;843e85de-3f5f-4614-967a-9f39f1fe9ba7;global;2026-06-27 09:46:44.662891;3.3.11;Ensure that Activity Log Alert exists for Create or Update Public IP Address rule;Activity Log Alert exists for Create or Update Public IP Address rule;3. Logging and Monitoring;3.3 Monitoring;Create an Activity Log Alert for the Create or Update Public IP Address event to monitor changes in public IP configurations.;Tracking public IP address modifications provides visibility into network access changes, helping detect unauthorized or misconfigured public exposure. Timely alerts enable faster detection and response to potential security risks, ensuring a controlled and secure network environment.;4;100;FAIL;There is not an alert for creating/updating Public IP address rule in subscription Azure subscription 1 (843e85de-3f5f-4614-967a-9f39f1fe9ba7).;/subscriptions/843e85de-3f5f-4614-967a-9f39f1fe9ba7;843e85de-3f5f-4614-967a-9f39f1fe9ba7;monitor_alert_create_update_public_ip_address_rule;False;ProwlerThreatScore;Prowler ThreatScore Compliance Framework for Azure
azure;Prowler ThreatScore Compliance Framework for Azure ensures that the Azure subscription is compliant taking into account four main pillars: Identity and Access Management, Attack Surface, Forensic Readiness and Encryption;843e85de-3f5f-4614-967a-9f39f1fe9ba7;global;2026-06-27 09:46:44.662891;3.3.7;Ensure that Activity Log Alert exists for Create or Update Security Solution;Activity Log Alert exists for Create or Update Security Solution;3. Logging and Monitoring;3.3 Monitoring;Create an Activity Log Alert for the Create or Update Security Solution event to track modifications to security solutions in your environment.;Monitoring security solution changes provides visibility into updates, additions, or modifications to active security configurations. This helps detect unauthorized changes or suspicious activity and ensures that security controls remain properly configured.;4;100;FAIL;There is not an alert for creating/updating Security Solution in subscription Azure subscription 1 (843e85de-3f5f-4614-967a-9f39f1fe9ba7).;/subscriptions/843e85de-3f5f-4614-967a-9f39f1fe9ba7;843e85de-3f5f-4614-967a-9f39f1fe9ba7;monitor_alert_create_update_security_solution;False;ProwlerThreatScore;Prowler ThreatScore Compliance Framework for Azure
azure;Prowler ThreatScore Compliance Framework for Azure ensures that the Azure subscription is compliant taking into account four main pillars: Identity and Access Management, Attack Surface, Forensic Readiness and Encryption;843e85de-3f5f-4614-967a-9f39f1fe9ba7;global;2026-06-27 09:46:44.662891;3.3.9;Ensure that Activity Log Alert exists for Create or Update SQL Server Firewall Rule;Activity Log Alert exists for Create or Update SQL Server Firewall Rule;3. Logging and Monitoring;3.3 Monitoring;Create an Activity Log Alert for the Create or Update SQL Server Firewall Rule event to track changes in SQL Server firewall configurations.;Monitoring firewall rule modifications provides visibility into network access changes, helping detect unauthorized updates that could expose the database to security risks. Timely alerts can reduce the time needed to identify and respond to suspicious activity, ensuring a secure SQL environment.;4;100;FAIL;There is not an alert for creating/updating SQL Server firewall rule in subscription Azure subscription 1 (843e85de-3f5f-4614-967a-9f39f1fe9ba7).;/subscriptions/843e85de-3f5f-4614-967a-9f39f1fe9ba7;843e85de-3f5f-4614-967a-9f39f1fe9ba7;monitor_alert_create_update_sqlserver_fr;False;ProwlerThreatScore;Prowler ThreatScore Compliance Framework for Azure
azure;Prowler ThreatScore Compliance Framework for Azure ensures that the Azure subscription is compliant taking into account four main pillars: Identity and Access Management, Attack Surface, Forensic Readiness and Encryption;843e85de-3f5f-4614-967a-9f39f1fe9ba7;global;2026-06-27 09:46:44.662891;3.3.6;Ensure that Activity Log Alert exists for Delete Network Security Group;Activity Log Alert exists for Delete Network Security Group;3. Logging and Monitoring;3.3 Monitoring;Create an Activity Log Alert for the Delete Network Security Group (NSG) event to monitor and track network security group removals.;Monitoring NSG deletions provides visibility into network access changes, helping to detect unauthorized modifications and identify potential security threats before they impact the environment.;4;100;FAIL;There is not an alert for deleting Network Security Groups in subscription Azure subscription 1 (843e85de-3f5f-4614-967a-9f39f1fe9ba7).;/subscriptions/843e85de-3f5f-4614-967a-9f39f1fe9ba7;843e85de-3f5f-4614-967a-9f39f1fe9ba7;monitor_alert_delete_nsg;False;ProwlerThreatScore;Prowler ThreatScore Compliance Framework for Azure
azure;Prowler ThreatScore Compliance Framework for Azure ensures that the Azure subscription is compliant taking into account four main pillars: Identity and Access Management, Attack Surface, Forensic Readiness and Encryption;843e85de-3f5f-4614-967a-9f39f1fe9ba7;global;2026-06-27 09:46:44.662891;3.3.4;Ensure that Activity Log Alert exists for Delete Policy Assignment;Activity Log Alert exists for Delete Policy Assignment;3. Logging and Monitoring;3.3 Monitoring;Create an activity log alert for the Delete Policy Assignment event to monitor and track policy removal activities in Azure Policy assignments.;Monitoring policy deletions helps detect unauthorized or unintended changes, ensuring policy integrity and reducing the time required to identify and respond to security or compliance violations.;4;100;FAIL;There is not an alert for deleting policy assignment in subscription Azure subscription 1 (843e85de-3f5f-4614-967a-9f39f1fe9ba7).;/subscriptions/843e85de-3f5f-4614-967a-9f39f1fe9ba7;843e85de-3f5f-4614-967a-9f39f1fe9ba7;monitor_alert_delete_policy_assignment;False;ProwlerThreatScore;Prowler ThreatScore Compliance Framework for Azure
azure;Prowler ThreatScore Compliance Framework for Azure ensures that the Azure subscription is compliant taking into account four main pillars: Identity and Access Management, Attack Surface, Forensic Readiness and Encryption;843e85de-3f5f-4614-967a-9f39f1fe9ba7;global;2026-06-27 09:46:44.662891;3.3.12;Ensure that Activity Log Alert exists for Delete Public IP Address rule;Activity Log Alert exists for Delete Public IP Address rule;3. Logging and Monitoring;3.3 Monitoring;Create an Activity Log Alert for the Delete Public IP Address event to monitor and track the removal of public IP addresses.;Monitoring public IP deletions helps detect unauthorized or accidental changes that could impact network accessibility or security. Timely alerts enable quick investigation and response, ensuring that critical network configurations remain intact and secure.;4;100;FAIL;There is not an alert for deleting public IP address rule in subscription Azure subscription 1 (843e85de-3f5f-4614-967a-9f39f1fe9ba7).;/subscriptions/843e85de-3f5f-4614-967a-9f39f1fe9ba7;843e85de-3f5f-4614-967a-9f39f1fe9ba7;monitor_alert_delete_public_ip_address_rule;False;ProwlerThreatScore;Prowler ThreatScore Compliance Framework for Azure
azure;Prowler ThreatScore Compliance Framework for Azure ensures that the Azure subscription is compliant taking into account four main pillars: Identity and Access Management, Attack Surface, Forensic Readiness and Encryption;843e85de-3f5f-4614-967a-9f39f1fe9ba7;global;2026-06-27 09:46:44.662891;3.3.8;Ensure that Activity Log Alert exists for Delete Security Solution;Activity Log Alert exists for Delete Security Solution;3. Logging and Monitoring;3.3 Monitoring;Create an Activity Log Alert for the Delete Security Solution event to monitor and track the removal of security solutions in your environment.;Monitoring security solution deletions helps detect unauthorized removals or suspicious activity, ensuring that critical security controls are not accidentally or maliciously disabled. This improves security visibility and helps maintain a strong security posture.;4;100;FAIL;There is not an alert for deleting Security Solution in subscription Azure subscription 1 (843e85de-3f5f-4614-967a-9f39f1fe9ba7).;/subscriptions/843e85de-3f5f-4614-967a-9f39f1fe9ba7;843e85de-3f5f-4614-967a-9f39f1fe9ba7;monitor_alert_delete_security_solution;False;ProwlerThreatScore;Prowler ThreatScore Compliance Framework for Azure
azure;Prowler ThreatScore Compliance Framework for Azure ensures that the Azure subscription is compliant taking into account four main pillars: Identity and Access Management, Attack Surface, Forensic Readiness and Encryption;843e85de-3f5f-4614-967a-9f39f1fe9ba7;global;2026-06-27 09:46:44.662891;3.3.10;Ensure that Activity Log Alert exists for Delete SQL Server Firewall Rule;Activity Log Alert exists for Delete SQL Server Firewall Rule;3. Logging and Monitoring;3.3 Monitoring;Create an Activity Log Alert for the Delete SQL Server Firewall Rule event to monitor and track firewall rule removals in SQL Server.;Monitoring firewall rule deletions helps detect unauthorized or accidental changes that could expose the database to security risks. Timely alerts ensure quick detection and response to prevent unauthorized network access and maintain a secure SQL environment.;4;100;FAIL;There is not an alert for deleting SQL Server firewall rule in subscription Azure subscription 1 (843e85de-3f5f-4614-967a-9f39f1fe9ba7).;/subscriptions/843e85de-3f5f-4614-967a-9f39f1fe9ba7;843e85de-3f5f-4614-967a-9f39f1fe9ba7;monitor_alert_delete_sqlserver_fr;False;ProwlerThreatScore;Prowler ThreatScore Compliance Framework for Azure
azure;Prowler ThreatScore Compliance Framework for Azure ensures that the Azure subscription is compliant taking into account four main pillars: Identity and Access Management, Attack Surface, Forensic Readiness and Encryption;843e85de-3f5f-4614-967a-9f39f1fe9ba7;global;2026-06-27 09:46:44.662891;3.3.2;Ensure Diagnostic Setting captures appropriate categories;Diagnostic Setting captures appropriate categories;3. Logging and Monitoring;3.3 Monitoring;Ensure that Diagnostic Settings are configured to log relevant control and management plane activities for enhanced visibility and security monitoring. (Note: A Diagnostic Setting must exist for this configuration to be available.);Diagnostic settings determine how logs are exported and stored. Capturing logs from the control and management plane enables proper alerting, monitoring, and analysis of administrative actions, helping to detect unauthorized changes and security threats.;3;10;FAIL;No diagnostic setting captures all appropriate categories (Administrative, Security, Alert, Policy) in subscription Azure subscription 1 (843e85de-3f5f-4614-967a-9f39f1fe9ba7).;/subscriptions/843e85de-3f5f-4614-967a-9f39f1fe9ba7;843e85de-3f5f-4614-967a-9f39f1fe9ba7;monitor_diagnostic_setting_with_appropriate_categories;False;ProwlerThreatScore;Prowler ThreatScore Compliance Framework for Azure
azure;Prowler ThreatScore Compliance Framework for Azure ensures that the Azure subscription is compliant taking into account four main pillars: Identity and Access Management, Attack Surface, Forensic Readiness and Encryption;843e85de-3f5f-4614-967a-9f39f1fe9ba7;global;2026-06-27 09:46:44.662891;3.2.3;Ensure that a 'Diagnostic Setting' exists for Subscription Activity Logs;Diagnostic Setting' exists for Subscription Activity Logs;3. Logging and Monitoring;3.2 Retention;Enable Diagnostic Settings to export activity logs for all appropriate resources within a subscription, ensuring long-term visibility into security and operational events.;By default, logs are retained for only 90 days. Configuring diagnostic settings allows logs to be exported and stored for extended periods, enabling security analysis, compliance monitoring, and forensic investigations within an Azure subscription.;3;10;FAIL;No diagnostic settings found in subscription Azure subscription 1 (843e85de-3f5f-4614-967a-9f39f1fe9ba7).;/subscriptions/843e85de-3f5f-4614-967a-9f39f1fe9ba7;843e85de-3f5f-4614-967a-9f39f1fe9ba7;monitor_diagnostic_settings_exists;False;ProwlerThreatScore;Prowler ThreatScore Compliance Framework for Azure
azure;Prowler ThreatScore Compliance Framework for Azure ensures that the Azure subscription is compliant taking into account four main pillars: Identity and Access Management, Attack Surface, Forensic Readiness and Encryption;843e85de-3f5f-4614-967a-9f39f1fe9ba7;global;2026-06-27 09:46:44.662891;2.1.5;Ensure an Azure Bastion Host Exists;Ensure Azure Bastion Host Exists;2. Attack Surface;2.1 Network;Enable Azure Bastion to securely access Azure Virtual Machines (VMs) over the internet without exposing RDP (3389/TCP) or SSH (22/TCP) ports directly to the public network. Azure Bastion provides remote access through TLS (443/TCP) while integrating with Azure Active Directory (AAD) security policies.;Using Azure Bastion eliminates the need to assign public IP addresses to VMs, reducing exposure to brute-force attacks and unauthorized access. It enhances security by enabling browser-based RDP/SSH access, leveraging Azure Active Directory controls, and supporting Multi-Factor Authentication (MFA), Conditional Access Policies, and other hardening measures for a centralized and secure access solution.;2;8;FAIL;Bastion Host from subscription Azure subscription 1 (843e85de-3f5f-4614-967a-9f39f1fe9ba7) does not exist;/subscriptions/843e85de-3f5f-4614-967a-9f39f1fe9ba7;843e85de-3f5f-4614-967a-9f39f1fe9ba7;network_bastion_host_exists;False;ProwlerThreatScore;Prowler ThreatScore Compliance Framework for Azure
azure;Prowler ThreatScore Compliance Framework for Azure ensures that the Azure subscription is compliant taking into account four main pillars: Identity and Access Management, Attack Surface, Forensic Readiness and Encryption;843e85de-3f5f-4614-967a-9f39f1fe9ba7;centralindia;2026-06-27 09:46:44.662891;3.1.8;Ensure that Network Watcher flow logs are captured and sent to Log Analytics;Network Watcher flow logs are captured and sent to Log Analytics;3. Logging and Monitoring;3.1 Logging;Ensure that Network Watcher flow logs for supported targets, such as virtual networks and network security groups, are collected and sent to a central Log Analytics workspace for monitoring and analysis.;Capturing Network Watcher flow logs provides visibility into traffic patterns across your network, helping detect anomalies, potential lateral movement, and security threats. These logs integrate with Azure Monitor and Azure Sentinel, enabling advanced analytics and visualization for improved network security and incident response. For new deployments, prefer virtual network flow logs because NSG flow logs are on the retirement path.;4;100;FAIL;Network Watcher NetworkWatcher_centralindia from subscription Azure subscription 1 (843e85de-3f5f-4614-967a-9f39f1fe9ba7) has no flow logs;/subscriptions/843e85de-3f5f-4614-967a-9f39f1fe9ba7/resourceGroups/NetworkWatcherRG/providers/Microsoft.Network/networkWatchers/NetworkWatcher_centralindia;NetworkWatcher_centralindia;network_flow_log_captured_sent;False;ProwlerThreatScore;Prowler ThreatScore Compliance Framework for Azure
azure;Prowler ThreatScore Compliance Framework for Azure ensures that the Azure subscription is compliant taking into account four main pillars: Identity and Access Management, Attack Surface, Forensic Readiness and Encryption;843e85de-3f5f-4614-967a-9f39f1fe9ba7;centralindia;2026-06-27 09:46:44.662891;3.2.1;Ensure that Network Watcher flow log retention period is '0 or at least 90 days';Network Watcher flow log retention period is '0 or at least 90 days';3. Logging and Monitoring;3.2 Retention;Enable Network Watcher flow logs for supported targets, such as virtual networks and network security groups, and configure the retention period to 0 for unlimited retention or at least 90 days to capture and store IP traffic data for security monitoring and analysis.;Network Watcher flow logs provide visibility into network traffic, helping detect anomalies, unauthorized access, and potential security breaches. Retaining logs for 0 days (unlimited) or at least 90 days ensures that historical data is available for incident investigation, compliance, and forensic analysis, strengthening overall network security monitoring. For new deployments, prefer virtual network flow logs because NSG flow logs are on the retirement path.;3;10;FAIL;Network Watcher NetworkWatcher_centralindia from subscription Azure subscription 1 (843e85de-3f5f-4614-967a-9f39f1fe9ba7) has no flow logs;/subscriptions/843e85de-3f5f-4614-967a-9f39f1fe9ba7/resourceGroups/NetworkWatcherRG/providers/Microsoft.Network/networkWatchers/NetworkWatcher_centralindia;NetworkWatcher_centralindia;network_flow_log_more_than_90_days;False;ProwlerThreatScore;Prowler ThreatScore Compliance Framework for Azure
azure;Prowler ThreatScore Compliance Framework for Azure ensures that the Azure subscription is compliant taking into account four main pillars: Identity and Access Management, Attack Surface, Forensic Readiness and Encryption;843e85de-3f5f-4614-967a-9f39f1fe9ba7;centralindia;2026-06-27 09:46:44.662891;2.1.4;Ensure that HTTP(S) access from the Internet is evaluated and restricted;HTTP(S) access from the Internet is evaluated and restricted;2. Attack Surface;2.1 Network;Regularly review Network Security Groups (NSGs) for misconfigured or overly permissive HTTP(S) rules, ensuring that exposure to the internet is necessary and narrowly configured. Restrict access where it is not explicitly required.;Exposing HTTP(S) services to the internet increases the risk of brute-force attacks, credential stuffing, and exploitation of vulnerabilities in web applications or services. If compromised, an attacker can use the affected resource as a pivot point to escalate privileges, move laterally, and compromise other Azure resources within the tenant. Periodic NSG evaluations help reduce attack surfaces and enforce least privilege access.;4;100;PASS;Security Group ref3tier-dev-data-nsg from subscription Azure subscription 1 (843e85de-3f5f-4614-967a-9f39f1fe9ba7) has HTTP internet access restricted.;/subscriptions/843e85de-3f5f-4614-967a-9f39f1fe9ba7/resourceGroups/ref3tier-dev-rg/providers/Microsoft.Network/networkSecurityGroups/ref3tier-dev-data-nsg;ref3tier-dev-data-nsg;network_http_internet_access_restricted;False;ProwlerThreatScore;Prowler ThreatScore Compliance Framework for Azure
azure;Prowler ThreatScore Compliance Framework for Azure ensures that the Azure subscription is compliant taking into account four main pillars: Identity and Access Management, Attack Surface, Forensic Readiness and Encryption;843e85de-3f5f-4614-967a-9f39f1fe9ba7;centralindia;2026-06-27 09:46:44.662891;2.1.4;Ensure that HTTP(S) access from the Internet is evaluated and restricted;HTTP(S) access from the Internet is evaluated and restricted;2. Attack Surface;2.1 Network;Regularly review Network Security Groups (NSGs) for misconfigured or overly permissive HTTP(S) rules, ensuring that exposure to the internet is necessary and narrowly configured. Restrict access where it is not explicitly required.;Exposing HTTP(S) services to the internet increases the risk of brute-force attacks, credential stuffing, and exploitation of vulnerabilities in web applications or services. If compromised, an attacker can use the affected resource as a pivot point to escalate privileges, move laterally, and compromise other Azure resources within the tenant. Periodic NSG evaluations help reduce attack surfaces and enforce least privilege access.;4;100;FAIL;Security Group ref3tier-dev-web-nsg from subscription Azure subscription 1 (843e85de-3f5f-4614-967a-9f39f1fe9ba7) has HTTP internet access allowed.;/subscriptions/843e85de-3f5f-4614-967a-9f39f1fe9ba7/resourceGroups/ref3tier-dev-rg/providers/Microsoft.Network/networkSecurityGroups/ref3tier-dev-web-nsg;ref3tier-dev-web-nsg;network_http_internet_access_restricted;False;ProwlerThreatScore;Prowler ThreatScore Compliance Framework for Azure
azure;Prowler ThreatScore Compliance Framework for Azure ensures that the Azure subscription is compliant taking into account four main pillars: Identity and Access Management, Attack Surface, Forensic Readiness and Encryption;843e85de-3f5f-4614-967a-9f39f1fe9ba7;centralindia;2026-06-27 09:46:44.662891;2.1.1;Ensure that RDP access from the Internet is evaluated and restricted;RDP access from the Internet is evaluated and restricted;2. Attack Surface;2.1 Network;Regularly review Network Security Groups (NSGs) for misconfigured or overly permissive rules, especially those exposing ports and protocols to the public internet. Any unnecessary exposure should be restricted to reduce security risks.;Exposing Remote Desktop Protocol (RDP) or other critical services to the internet increases the risk of brute-force attacks, which could lead to unauthorized access to Azure Virtual Machines. Compromised VMs can be used to launch attacks on other networked resources, both inside and outside Azure. Periodic NSG evaluations help minimize attack surfaces and ensure that only explicitly required access is permitted.;4;100;PASS;Security Group ref3tier-dev-data-nsg from subscription Azure subscription 1 (843e85de-3f5f-4614-967a-9f39f1fe9ba7) has RDP internet access restricted.;/subscriptions/843e85de-3f5f-4614-967a-9f39f1fe9ba7/resourceGroups/ref3tier-dev-rg/providers/Microsoft.Network/networkSecurityGroups/ref3tier-dev-data-nsg;ref3tier-dev-data-nsg;network_rdp_internet_access_restricted;False;ProwlerThreatScore;Prowler ThreatScore Compliance Framework for Azure
azure;Prowler ThreatScore Compliance Framework for Azure ensures that the Azure subscription is compliant taking into account four main pillars: Identity and Access Management, Attack Surface, Forensic Readiness and Encryption;843e85de-3f5f-4614-967a-9f39f1fe9ba7;centralindia;2026-06-27 09:46:44.662891;2.1.1;Ensure that RDP access from the Internet is evaluated and restricted;RDP access from the Internet is evaluated and restricted;2. Attack Surface;2.1 Network;Regularly review Network Security Groups (NSGs) for misconfigured or overly permissive rules, especially those exposing ports and protocols to the public internet. Any unnecessary exposure should be restricted to reduce security risks.;Exposing Remote Desktop Protocol (RDP) or other critical services to the internet increases the risk of brute-force attacks, which could lead to unauthorized access to Azure Virtual Machines. Compromised VMs can be used to launch attacks on other networked resources, both inside and outside Azure. Periodic NSG evaluations help minimize attack surfaces and ensure that only explicitly required access is permitted.;4;100;PASS;Security Group ref3tier-dev-web-nsg from subscription Azure subscription 1 (843e85de-3f5f-4614-967a-9f39f1fe9ba7) has RDP internet access restricted.;/subscriptions/843e85de-3f5f-4614-967a-9f39f1fe9ba7/resourceGroups/ref3tier-dev-rg/providers/Microsoft.Network/networkSecurityGroups/ref3tier-dev-web-nsg;ref3tier-dev-web-nsg;network_rdp_internet_access_restricted;False;ProwlerThreatScore;Prowler ThreatScore Compliance Framework for Azure
azure;Prowler ThreatScore Compliance Framework for Azure ensures that the Azure subscription is compliant taking into account four main pillars: Identity and Access Management, Attack Surface, Forensic Readiness and Encryption;843e85de-3f5f-4614-967a-9f39f1fe9ba7;centralindia;2026-06-27 09:46:44.662891;2.1.2;Ensure that SSH access from the Internet is evaluated and restricted;SSH access from the Internet is evaluated and restricted;2. Attack Surface;2.1 Network;Regularly review Network Security Groups (NSGs) for misconfigured or overly permissive rules, particularly those exposing SSH (port 22) or other critical services to the internet. Any unnecessary exposure should be restricted to reduce security risks.;Exposing SSH over the internet increases the risk of brute-force attacks, allowing attackers to gain unauthorized access to Azure Virtual Machines. Once compromised, a VM can be used as a pivot point to attack other machines within the Azure Virtual Network or even external systems. Periodic NSG evaluations help minimize attack surfaces and ensure that only explicitly required access is permitted.;4;100;PASS;Security Group ref3tier-dev-data-nsg from subscription Azure subscription 1 (843e85de-3f5f-4614-967a-9f39f1fe9ba7) has SSH internet access restricted.;/subscriptions/843e85de-3f5f-4614-967a-9f39f1fe9ba7/resourceGroups/ref3tier-dev-rg/providers/Microsoft.Network/networkSecurityGroups/ref3tier-dev-data-nsg;ref3tier-dev-data-nsg;network_ssh_internet_access_restricted;False;ProwlerThreatScore;Prowler ThreatScore Compliance Framework for Azure
azure;Prowler ThreatScore Compliance Framework for Azure ensures that the Azure subscription is compliant taking into account four main pillars: Identity and Access Management, Attack Surface, Forensic Readiness and Encryption;843e85de-3f5f-4614-967a-9f39f1fe9ba7;centralindia;2026-06-27 09:46:44.662891;2.1.2;Ensure that SSH access from the Internet is evaluated and restricted;SSH access from the Internet is evaluated and restricted;2. Attack Surface;2.1 Network;Regularly review Network Security Groups (NSGs) for misconfigured or overly permissive rules, particularly those exposing SSH (port 22) or other critical services to the internet. Any unnecessary exposure should be restricted to reduce security risks.;Exposing SSH over the internet increases the risk of brute-force attacks, allowing attackers to gain unauthorized access to Azure Virtual Machines. Once compromised, a VM can be used as a pivot point to attack other machines within the Azure Virtual Network or even external systems. Periodic NSG evaluations help minimize attack surfaces and ensure that only explicitly required access is permitted.;4;100;PASS;Security Group ref3tier-dev-web-nsg from subscription Azure subscription 1 (843e85de-3f5f-4614-967a-9f39f1fe9ba7) has SSH internet access restricted.;/subscriptions/843e85de-3f5f-4614-967a-9f39f1fe9ba7/resourceGroups/ref3tier-dev-rg/providers/Microsoft.Network/networkSecurityGroups/ref3tier-dev-web-nsg;ref3tier-dev-web-nsg;network_ssh_internet_access_restricted;False;ProwlerThreatScore;Prowler ThreatScore Compliance Framework for Azure
azure;Prowler ThreatScore Compliance Framework for Azure ensures that the Azure subscription is compliant taking into account four main pillars: Identity and Access Management, Attack Surface, Forensic Readiness and Encryption;843e85de-3f5f-4614-967a-9f39f1fe9ba7;centralindia;2026-06-27 09:46:44.662891;2.1.3;Ensure that UDP access from the Internet is evaluated and restricted;UDP access from the Internet is evaluated and restricted;2. Attack Surface;2.1 Network;Regularly review Network Security Groups (NSGs) for misconfigured or overly permissive UDP rules, especially those exposing UDP-based services to the internet. Any unnecessary exposure should be restricted to prevent security risks.;Exposing UDP services to the internet increases the risk of Distributed Denial-of-Service (DDoS) amplification attacks, where attackers can reflect and amplify spoofed traffic from Azure Virtual Machines. Commonly exploited UDP services include DNS, NTP, SSDP, SNMP, and CLDAP, which can be used to disrupt services or launch attacks against other networked systems inside and outside Azure. Regular NSG evaluations help minimize attack surfaces and prevent VMs from being leveraged in DDoS attacks.;4;100;PASS;Security Group ref3tier-dev-data-nsg from subscription Azure subscription 1 (843e85de-3f5f-4614-967a-9f39f1fe9ba7) has UDP internet access restricted.;/subscriptions/843e85de-3f5f-4614-967a-9f39f1fe9ba7/resourceGroups/ref3tier-dev-rg/providers/Microsoft.Network/networkSecurityGroups/ref3tier-dev-data-nsg;ref3tier-dev-data-nsg;network_udp_internet_access_restricted;False;ProwlerThreatScore;Prowler ThreatScore Compliance Framework for Azure
azure;Prowler ThreatScore Compliance Framework for Azure ensures that the Azure subscription is compliant taking into account four main pillars: Identity and Access Management, Attack Surface, Forensic Readiness and Encryption;843e85de-3f5f-4614-967a-9f39f1fe9ba7;centralindia;2026-06-27 09:46:44.662891;2.1.3;Ensure that UDP access from the Internet is evaluated and restricted;UDP access from the Internet is evaluated and restricted;2. Attack Surface;2.1 Network;Regularly review Network Security Groups (NSGs) for misconfigured or overly permissive UDP rules, especially those exposing UDP-based services to the internet. Any unnecessary exposure should be restricted to prevent security risks.;Exposing UDP services to the internet increases the risk of Distributed Denial-of-Service (DDoS) amplification attacks, where attackers can reflect and amplify spoofed traffic from Azure Virtual Machines. Commonly exploited UDP services include DNS, NTP, SSDP, SNMP, and CLDAP, which can be used to disrupt services or launch attacks against other networked systems inside and outside Azure. Regular NSG evaluations help minimize attack surfaces and prevent VMs from being leveraged in DDoS attacks.;4;100;PASS;Security Group ref3tier-dev-web-nsg from subscription Azure subscription 1 (843e85de-3f5f-4614-967a-9f39f1fe9ba7) has UDP internet access restricted.;/subscriptions/843e85de-3f5f-4614-967a-9f39f1fe9ba7/resourceGroups/ref3tier-dev-rg/providers/Microsoft.Network/networkSecurityGroups/ref3tier-dev-web-nsg;ref3tier-dev-web-nsg;network_udp_internet_access_restricted;False;ProwlerThreatScore;Prowler ThreatScore Compliance Framework for Azure
azure;Prowler ThreatScore Compliance Framework for Azure ensures that the Azure subscription is compliant taking into account four main pillars: Identity and Access Management, Attack Surface, Forensic Readiness and Encryption;843e85de-3f5f-4614-967a-9f39f1fe9ba7;global;2026-06-27 09:46:44.662891;3.3.14;Ensure that Network Watcher is 'Enabled' for Azure Regions that are in use;Network Watcher 'Enabled' for used Regions;3. Logging and Monitoring;3.3 Monitoring;Enable Network Watcher for all Azure regions within your subscription to monitor and diagnose network activity.;Network Watcher provides network diagnostic and visualization tools that help organizations analyze traffic, troubleshoot connectivity issues, and detect anomalies. Enabling it enhances network visibility, security monitoring, and operational insights across Azure environments.;3;10;FAIL;Network Watcher is not enabled for the following locations in subscription 'Azure subscription 1 (843e85de-3f5f-4614-967a-9f39f1fe9ba7)': australiacentral, uaenorth, francesouth, australiacentral2, australiaeast, malaysiawest, southindia, westeurope, japanwest, koreasouth, chilecentral, southcentralus, eastasia, italynorth, westus, koreacentral, northcentralus, germanynorth, eastus, brazilsoutheast, polandcentral, southeastasia, newzealandnorth, eastus2, southafricanorth, uaecentral, israelcentral, indonesiacentral, westindia, austriaeast, uksouth, westus2, belgiumcentral, westcentralus, norwaywest, canadaeast, francecentral, switzerlandwest, denmarkeast, southafricawest, jioindiacentral, germanywestcentral, spaincentral, northeurope, canadacentral, swedencentral, switzerlandnorth, ukwest, qatarcentral, australiasoutheast, mexicocentral, japaneast, brazilsouth, jioindiawest, norwayeast, westus3, centralus.;/subscriptions/843e85de-3f5f-4614-967a-9f39f1fe9ba7;843e85de-3f5f-4614-967a-9f39f1fe9ba7;network_watcher_enabled;False;ProwlerThreatScore;Prowler ThreatScore Compliance Framework for Azure
azure;Prowler ThreatScore Compliance Framework for Azure ensures that the Azure subscription is compliant taking into account four main pillars: Identity and Access Management, Attack Surface, Forensic Readiness and Encryption;843e85de-3f5f-4614-967a-9f39f1fe9ba7;global;2026-06-27 09:46:44.662891;3.3.17;Ensure that Microsoft Cloud Security Benchmark policies are not set to 'Disabled';Microsoft Cloud Security Benchmark policies are not set to 'Disabled';3. Logging and Monitoring;3.3 Monitoring;Ensure that all Microsoft Cloud Security Benchmark (MCSB) policies are enabled to effectively evaluate resource configurations against best practice security recommendations.;The MCSB Policy Initiative enforces security best practices and helps ensure compliance with organizational and regulatory requirements. If a policy’s Effect is set to Disabled, it will not be evaluated, potentially preventing administrators from detecting security misconfigurations. Keeping all MCSB policies enabled allows Microsoft Defender for Cloud to assess relevant resources and provide actionable security insights to strengthen cloud security.;3;10;PASS;Policy assigment '/subscriptions/843e85de-3f5f-4614-967a-9f39f1fe9ba7/providers/Microsoft.Authorization/policyAssignments/SecurityCenterBuiltIn' from subscription Azure subscription 1 (843e85de-3f5f-4614-967a-9f39f1fe9ba7) is configured with enforcement mode 'Default'.;/subscriptions/843e85de-3f5f-4614-967a-9f39f1fe9ba7/providers/Microsoft.Authorization/policyAssignments/SecurityCenterBuiltIn;SecurityCenterBuiltIn;policy_ensure_asc_enforcement_enabled;False;ProwlerThreatScore;Prowler ThreatScore Compliance Framework for Azure
azure;Prowler ThreatScore Compliance Framework for Azure ensures that the Azure subscription is compliant taking into account four main pillars: Identity and Access Management, Attack Surface, Forensic Readiness and Encryption;843e85de-3f5f-4614-967a-9f39f1fe9ba7;centralindia;2026-06-27 09:46:44.662891;3.3.1;Ensure that 'Auditing' is set to 'On' ;Auditing' is set to 'On';3. Logging and Monitoring;3.3 Monitoring;Enable auditing on Azure SQL Servers to track and log database events for security and compliance purposes.;Auditing at the server level ensures that all existing and newly created databases inherit auditing policies, providing consistent monitoring across the SQL environment. It does not override database-level auditing policies but complements them. Audit logs are stored in Azure Storage, helping organizations maintain regulatory compliance, monitor database activity, and detect anomalies that may indicate security threats or operational concerns.;3;10;FAIL;SQL Server ref3tier-dev-sql-7mog1c from subscription Azure subscription 1 (843e85de-3f5f-4614-967a-9f39f1fe9ba7) does not have any auditing policy configured.;/subscriptions/843e85de-3f5f-4614-967a-9f39f1fe9ba7/resourceGroups/ref3tier-dev-rg/providers/Microsoft.Sql/servers/ref3tier-dev-sql-7mog1c;ref3tier-dev-sql-7mog1c;sqlserver_auditing_enabled;False;ProwlerThreatScore;Prowler ThreatScore Compliance Framework for Azure
azure;Prowler ThreatScore Compliance Framework for Azure ensures that the Azure subscription is compliant taking into account four main pillars: Identity and Access Management, Attack Surface, Forensic Readiness and Encryption;843e85de-3f5f-4614-967a-9f39f1fe9ba7;centralindia;2026-06-27 09:46:44.662891;3.2.1;Ensure that 'Auditing' Retention is 'greater than 90 days';Auditing' Retention is 'greater than 90 days';3. Logging and Monitoring;3.2 Retention;Configure SQL Server Audit Retention to retain logs for more than 90 days to ensure long-term visibility into database activity and security events.;Maintaining audit logs for over 90 days helps detect anomalies, security breaches, and unauthorized access. Longer retention periods allow organizations to analyze historical data, support compliance requirements, and strengthen forensic investigations.;3;10;FAIL;SQL Server ref3tier-dev-sql-7mog1c from subscription Azure subscription 1 (843e85de-3f5f-4614-967a-9f39f1fe9ba7) has auditing disabled.;/subscriptions/843e85de-3f5f-4614-967a-9f39f1fe9ba7/resourceGroups/ref3tier-dev-rg/providers/Microsoft.Sql/servers/ref3tier-dev-sql-7mog1c;ref3tier-dev-sql-7mog1c;sqlserver_auditing_retention_90_days;False;ProwlerThreatScore;Prowler ThreatScore Compliance Framework for Azure
azure;Prowler ThreatScore Compliance Framework for Azure ensures that the Azure subscription is compliant taking into account four main pillars: Identity and Access Management, Attack Surface, Forensic Readiness and Encryption;843e85de-3f5f-4614-967a-9f39f1fe9ba7;centralindia;2026-06-27 09:46:44.662891;2.2.1;Ensure that Microsoft Entra authentication is Configured for SQL Servers;Microsoft Entra authentication is Configured for SQL Servers;2. Attack Surface;2.2 Storage;Use Microsoft Entra authentication for SQL Database to centralize identity and credential management, enhancing security and simplifying access control. By leveraging Microsoft Entra ID, organizations can manage database users, permissions, and authentication policies in a single location, reducing complexity and improving security.;Microsoft Entra authentication eliminates the need for separate SQL authentication, preventing identity sprawl and simplifying password management. It enables centralized permission management, supports token-based authentication, integrates with Active Directory Federation Services (ADFS), and enhances security with Multi-Factor Authentication (MFA). Using Entra ID authentication also eliminates the need to store passwords, enabling secure, modern authentication methods while ensuring seamless access control for users and applications.;3;10;FAIL;SQL Server ref3tier-dev-sql-7mog1c from subscription Azure subscription 1 (843e85de-3f5f-4614-967a-9f39f1fe9ba7) does not have an Active Directory administrator.;/subscriptions/843e85de-3f5f-4614-967a-9f39f1fe9ba7/resourceGroups/ref3tier-dev-rg/providers/Microsoft.Sql/servers/ref3tier-dev-sql-7mog1c;ref3tier-dev-sql-7mog1c;sqlserver_azuread_administrator_enabled;False;ProwlerThreatScore;Prowler ThreatScore Compliance Framework for Azure
azure;Prowler ThreatScore Compliance Framework for Azure ensures that the Azure subscription is compliant taking into account four main pillars: Identity and Access Management, Attack Surface, Forensic Readiness and Encryption;843e85de-3f5f-4614-967a-9f39f1fe9ba7;centralindia;2026-06-27 09:46:44.662891;4.2.2;Ensure SQL server's Transparent Data Encryption (TDE) protector is encrypted with Customer-managed key;SQL server's TDE protector is encrypted with CMK;4. Encryption;4.2 At-Rest;Enable Transparent Data Encryption (TDE) with Customer-Managed Keys (CMK) to enhance control, security, and separation of duties over the TDE Protector. TDE encrypts data at rest using a database encryption key (DEK). Traditionally, DEKs were protected by Azure SQL Service-managed certificates, but with Customer-Managed Key support, the DEK can now be secured using an asymmetric key stored in Azure Key Vault. Azure Key Vault provides centralized key management, FIPS 140-2 Level 2 validated HSMs, and additional security through key and data separation. Based on business needs and data sensitivity, organizations should use Customer-Managed Keys for TDE encryption.;Using Customer-Managed Keys for TDE gives organizations full control over encryption keys, including who can access them and when. Azure Key Vault serves as a secure external key management system, ensuring that TDE encryption keys remain protected from unauthorized access. When configured, the asymmetric key is set at the server level and inherited by all databases under that server, providing consistent encryption management across the environment.;3;10;FAIL;SQL Server ref3tier-dev-sql-7mog1c from subscription Azure subscription 1 (843e85de-3f5f-4614-967a-9f39f1fe9ba7) has TDE disabled without CMK.;/subscriptions/843e85de-3f5f-4614-967a-9f39f1fe9ba7/resourceGroups/ref3tier-dev-rg/providers/Microsoft.Sql/servers/ref3tier-dev-sql-7mog1c;ref3tier-dev-sql-7mog1c;sqlserver_tde_encrypted_with_cmk;False;ProwlerThreatScore;Prowler ThreatScore Compliance Framework for Azure
azure;Prowler ThreatScore Compliance Framework for Azure ensures that the Azure subscription is compliant taking into account four main pillars: Identity and Access Management, Attack Surface, Forensic Readiness and Encryption;843e85de-3f5f-4614-967a-9f39f1fe9ba7;centralindia;2026-06-27 09:46:44.662891;4.2.3;Ensure that 'Data encryption' is set to 'On' on a SQL Database;Data encryption' is set to 'On' on a SQL Database;4. Encryption;4.2 At-Rest;Enable Transparent Data Encryption (TDE) on all Azure SQL Servers to ensure real-time encryption and decryption of databases, backups, and transaction logs at rest. TDE operates seamlessly without requiring modifications to applications.;TDE helps protect Azure SQL Databases from unauthorized access and malicious activity by encrypting data at rest. This ensures that database files, backups, and logs remain secure, reducing the risk of data breaches while maintaining operational transparency.;3;10;PASS;Database ref3tier-dev-db from SQL Server ref3tier-dev-sql-7mog1c from subscription Azure subscription 1 (843e85de-3f5f-4614-967a-9f39f1fe9ba7) has TDE enabled;/subscriptions/843e85de-3f5f-4614-967a-9f39f1fe9ba7/resourceGroups/ref3tier-dev-rg/providers/Microsoft.Sql/servers/ref3tier-dev-sql-7mog1c/databases/ref3tier-dev-db;ref3tier-dev-db;sqlserver_tde_encryption_enabled;False;ProwlerThreatScore;Prowler ThreatScore Compliance Framework for Azure
azure;Prowler ThreatScore Compliance Framework for Azure ensures that the Azure subscription is compliant taking into account four main pillars: Identity and Access Management, Attack Surface, Forensic Readiness and Encryption;843e85de-3f5f-4614-967a-9f39f1fe9ba7;centralindia;2026-06-27 09:46:44.662891;2.2.10;Ensure no Azure SQL Databases allow ingress from 0.0.0.0/0;Azure SQL Databases do not allow ingress from 0.0.0.0/0;2. Attack Surface;2.2 Storage;Ensure that Azure SQL Databases do not allow ingress from 0.0.0.0/0 (ANY IP), as this would expose them to the public internet. Azure SQL Server includes a firewall that blocks unauthorized connections by default, but it allows defining more granular IP address rules to restrict access. Allowing 0.0.0.0/0 effectively grants open access, increasing security risks.;Leaving Azure SQL firewall rules open to ANY IP significantly increases the attack surface, making databases vulnerable to brute-force attacks and unauthorized access. Instead, firewall rules should be restricted to specific, trusted IP ranges from known datacenters or internal resources. Additionally, enabling Allow Azure services and resources to access this server could allow access from outside your organization’s subscription or region, potentially bypassing SQL Server’s network ACLs and exposing the database to malicious activity.;5;1000;PASS;SQL Server ref3tier-dev-sql-7mog1c from subscription Azure subscription 1 (843e85de-3f5f-4614-967a-9f39f1fe9ba7) does not have firewall rules allowing 0.0.0.0-255.255.255.255.;/subscriptions/843e85de-3f5f-4614-967a-9f39f1fe9ba7/resourceGroups/ref3tier-dev-rg/providers/Microsoft.Sql/servers/ref3tier-dev-sql-7mog1c;ref3tier-dev-sql-7mog1c;sqlserver_unrestricted_inbound_access;False;ProwlerThreatScore;Prowler ThreatScore Compliance Framework for Azure
azure;Prowler ThreatScore Compliance Framework for Azure ensures that the Azure subscription is compliant taking into account four main pillars: Identity and Access Management, Attack Surface, Forensic Readiness and Encryption;843e85de-3f5f-4614-967a-9f39f1fe9ba7;centralindia;2026-06-27 09:46:44.662891;2.2.6;Ensure that 'Public Network Access' is 'Disabled' for storage accounts;Public Network Access' is 'Disabled' for storage accounts;2. Attack Surface;2.2 Storage;Disable public network access for Azure Storage accounts, ensuring that access settings for individual containers cannot override this restriction. This applies to Azure Resource Manager deployment model storage accounts, as classic deployment model accounts will be retired by August 31, 2024.;By default, Azure Storage accounts allow users with appropriate permissions to enable public access to containers and blobs, granting read-only access without requiring authentication. To minimize the risk of unauthorized data exposure, public access should be restricted unless explicitly required. Instead, use Azure AD RBAC or shared access signatures (SAS) to grant controlled and time-limited access to storage resources.;3;10;FAIL;Storage account ref3tierst7mog1c from subscription Azure subscription 1 (843e85de-3f5f-4614-967a-9f39f1fe9ba7) has public network access enabled.;/subscriptions/843e85de-3f5f-4614-967a-9f39f1fe9ba7/resourceGroups/ref3tier-dev-rg/providers/Microsoft.Storage/storageAccounts/ref3tierst7mog1c;ref3tierst7mog1c;storage_account_public_network_access_disabled;False;ProwlerThreatScore;Prowler ThreatScore Compliance Framework for Azure
azure;Prowler ThreatScore Compliance Framework for Azure ensures that the Azure subscription is compliant taking into account four main pillars: Identity and Access Management, Attack Surface, Forensic Readiness and Encryption;843e85de-3f5f-4614-967a-9f39f1fe9ba7;centralindia;2026-06-27 09:46:44.662891;2.2.6;Ensure that 'Public Network Access' is 'Disabled' for storage accounts;Public Network Access' is 'Disabled' for storage accounts;2. Attack Surface;2.2 Storage;Disable public network access for Azure Storage accounts, ensuring that access settings for individual containers cannot override this restriction. This applies to Azure Resource Manager deployment model storage accounts, as classic deployment model accounts will be retired by August 31, 2024.;By default, Azure Storage accounts allow users with appropriate permissions to enable public access to containers and blobs, granting read-only access without requiring authentication. To minimize the risk of unauthorized data exposure, public access should be restricted unless explicitly required. Instead, use Azure AD RBAC or shared access signatures (SAS) to grant controlled and time-limited access to storage resources.;3;10;FAIL;Storage account tfstatevignesh001 from subscription Azure subscription 1 (843e85de-3f5f-4614-967a-9f39f1fe9ba7) has public network access enabled.;/subscriptions/843e85de-3f5f-4614-967a-9f39f1fe9ba7/resourceGroups/tfstate-rg/providers/Microsoft.Storage/storageAccounts/tfstatevignesh001;tfstatevignesh001;storage_account_public_network_access_disabled;False;ProwlerThreatScore;Prowler ThreatScore Compliance Framework for Azure
azure;Prowler ThreatScore Compliance Framework for Azure ensures that the Azure subscription is compliant taking into account four main pillars: Identity and Access Management, Attack Surface, Forensic Readiness and Encryption;843e85de-3f5f-4614-967a-9f39f1fe9ba7;centralindia;2026-06-27 09:46:44.662891;2.2.7;Ensure Default Network Access Rule for Storage Accounts is Set to Deny;Default Network Access Rule for Storage Accounts is Set to Deny;2. Attack Surface;2.2 Storage;Restricting default network access enhances security by preventing unrestricted connections to Azure Storage accounts. By default, storage accounts accept connections from any network, so access should be limited to selected networks by modifying the default configuration.;Storage accounts should deny access from all networks by default, except for explicitly allowed Azure Virtual Networks or specific IP address ranges. This approach creates a secure network boundary, ensuring only authorized applications can connect. Even when network rules allow access, proper authentication (via access keys or SAS tokens) is still required, adding an extra layer of security.;2;8;FAIL;Storage account ref3tierst7mog1c from subscription Azure subscription 1 (843e85de-3f5f-4614-967a-9f39f1fe9ba7) has network access rule set to Allow.;/subscriptions/843e85de-3f5f-4614-967a-9f39f1fe9ba7/resourceGroups/ref3tier-dev-rg/providers/Microsoft.Storage/storageAccounts/ref3tierst7mog1c;ref3tierst7mog1c;storage_default_network_access_rule_is_denied;False;ProwlerThreatScore;Prowler ThreatScore Compliance Framework for Azure
azure;Prowler ThreatScore Compliance Framework for Azure ensures that the Azure subscription is compliant taking into account four main pillars: Identity and Access Management, Attack Surface, Forensic Readiness and Encryption;843e85de-3f5f-4614-967a-9f39f1fe9ba7;centralindia;2026-06-27 09:46:44.662891;2.2.7;Ensure Default Network Access Rule for Storage Accounts is Set to Deny;Default Network Access Rule for Storage Accounts is Set to Deny;2. Attack Surface;2.2 Storage;Restricting default network access enhances security by preventing unrestricted connections to Azure Storage accounts. By default, storage accounts accept connections from any network, so access should be limited to selected networks by modifying the default configuration.;Storage accounts should deny access from all networks by default, except for explicitly allowed Azure Virtual Networks or specific IP address ranges. This approach creates a secure network boundary, ensuring only authorized applications can connect. Even when network rules allow access, proper authentication (via access keys or SAS tokens) is still required, adding an extra layer of security.;2;8;FAIL;Storage account tfstatevignesh001 from subscription Azure subscription 1 (843e85de-3f5f-4614-967a-9f39f1fe9ba7) has network access rule set to Allow.;/subscriptions/843e85de-3f5f-4614-967a-9f39f1fe9ba7/resourceGroups/tfstate-rg/providers/Microsoft.Storage/storageAccounts/tfstatevignesh001;tfstatevignesh001;storage_default_network_access_rule_is_denied;False;ProwlerThreatScore;Prowler ThreatScore Compliance Framework for Azure
azure;Prowler ThreatScore Compliance Framework for Azure ensures that the Azure subscription is compliant taking into account four main pillars: Identity and Access Management, Attack Surface, Forensic Readiness and Encryption;843e85de-3f5f-4614-967a-9f39f1fe9ba7;centralindia;2026-06-27 09:46:44.662891;2.2.8;Ensure 'Allow Azure services on the trusted services list to access this storage account' is Enabled for Storage Account Access;Allow Azure services on the trusted services list to access this storage account' is Enabled for Storage Account Access;2. Attack Surface;2.2 Storage;This recommendation assumes that public network access is set to “Enabled from selected virtual networks and IP addresses” and that the default network access rule for storage accounts is set to deny. Some Azure services require access to storage accounts from networks that cannot be explicitly granted permissions through network rules. To allow these services to function properly, enable the trusted Azure services exception, which allows selected Azure services to bypass network restrictions while still enforcing strong authentication.;Enabling firewall rules on a storage account blocks access to all incoming requests, including those from other Azure services. Allowing access to trusted Azure services ensures that essential Azure functions, such as Azure Backup, Event Grid, Monitor, and Site Recovery, can interact with storage accounts securely without exposing them to broader public access.;2;8;PASS;Storage account ref3tierst7mog1c from subscription Azure subscription 1 (843e85de-3f5f-4614-967a-9f39f1fe9ba7) allows trusted Microsoft services to access this storage account.;/subscriptions/843e85de-3f5f-4614-967a-9f39f1fe9ba7/resourceGroups/ref3tier-dev-rg/providers/Microsoft.Storage/storageAccounts/ref3tierst7mog1c;ref3tierst7mog1c;storage_ensure_azure_services_are_trusted_to_access_is_enabled;False;ProwlerThreatScore;Prowler ThreatScore Compliance Framework for Azure
azure;Prowler ThreatScore Compliance Framework for Azure ensures that the Azure subscription is compliant taking into account four main pillars: Identity and Access Management, Attack Surface, Forensic Readiness and Encryption;843e85de-3f5f-4614-967a-9f39f1fe9ba7;centralindia;2026-06-27 09:46:44.662891;2.2.8;Ensure 'Allow Azure services on the trusted services list to access this storage account' is Enabled for Storage Account Access;Allow Azure services on the trusted services list to access this storage account' is Enabled for Storage Account Access;2. Attack Surface;2.2 Storage;This recommendation assumes that public network access is set to “Enabled from selected virtual networks and IP addresses” and that the default network access rule for storage accounts is set to deny. Some Azure services require access to storage accounts from networks that cannot be explicitly granted permissions through network rules. To allow these services to function properly, enable the trusted Azure services exception, which allows selected Azure services to bypass network restrictions while still enforcing strong authentication.;Enabling firewall rules on a storage account blocks access to all incoming requests, including those from other Azure services. Allowing access to trusted Azure services ensures that essential Azure functions, such as Azure Backup, Event Grid, Monitor, and Site Recovery, can interact with storage accounts securely without exposing them to broader public access.;2;8;PASS;Storage account tfstatevignesh001 from subscription Azure subscription 1 (843e85de-3f5f-4614-967a-9f39f1fe9ba7) allows trusted Microsoft services to access this storage account.;/subscriptions/843e85de-3f5f-4614-967a-9f39f1fe9ba7/resourceGroups/tfstate-rg/providers/Microsoft.Storage/storageAccounts/tfstatevignesh001;tfstatevignesh001;storage_ensure_azure_services_are_trusted_to_access_is_enabled;False;ProwlerThreatScore;Prowler ThreatScore Compliance Framework for Azure
azure;Prowler ThreatScore Compliance Framework for Azure ensures that the Azure subscription is compliant taking into account four main pillars: Identity and Access Management, Attack Surface, Forensic Readiness and Encryption;843e85de-3f5f-4614-967a-9f39f1fe9ba7;centralindia;2026-06-27 09:46:44.662891;4.2.1;Ensure Storage for Critical Data are Encrypted with Customer Managed Keys (CMK);Storage for Critical Data are Encrypted CMK;4. Encryption;4.2 At-Rest;Enable encryption at rest using Customer Managed Keys (CMK) instead of Microsoft Managed Keys to maintain greater control over sensitive data encryption in Azure Storage accounts.;By default, Azure encrypts all storage resources (blobs, disks, files, queues, and tables) using Microsoft Managed Keys. However, using Customer Managed Keys (CMK) allows organizations to control, manage, and rotate their encryption keys through Azure Key Vault, ensuring compliance with security policies. CMKs also support automatic key version updates for enhanced security. Since this recommendation applies specifically to storage accounts holding critical data, its assessment remains manual rather than automated.;4;100;FAIL;Storage account ref3tierst7mog1c from subscription Azure subscription 1 (843e85de-3f5f-4614-967a-9f39f1fe9ba7) does not encrypt with CMKs.;/subscriptions/843e85de-3f5f-4614-967a-9f39f1fe9ba7/resourceGroups/ref3tier-dev-rg/providers/Microsoft.Storage/storageAccounts/ref3tierst7mog1c;ref3tierst7mog1c;storage_ensure_encryption_with_customer_managed_keys;False;ProwlerThreatScore;Prowler ThreatScore Compliance Framework for Azure
azure;Prowler ThreatScore Compliance Framework for Azure ensures that the Azure subscription is compliant taking into account four main pillars: Identity and Access Management, Attack Surface, Forensic Readiness and Encryption;843e85de-3f5f-4614-967a-9f39f1fe9ba7;centralindia;2026-06-27 09:46:44.662891;4.2.1;Ensure Storage for Critical Data are Encrypted with Customer Managed Keys (CMK);Storage for Critical Data are Encrypted CMK;4. Encryption;4.2 At-Rest;Enable encryption at rest using Customer Managed Keys (CMK) instead of Microsoft Managed Keys to maintain greater control over sensitive data encryption in Azure Storage accounts.;By default, Azure encrypts all storage resources (blobs, disks, files, queues, and tables) using Microsoft Managed Keys. However, using Customer Managed Keys (CMK) allows organizations to control, manage, and rotate their encryption keys through Azure Key Vault, ensuring compliance with security policies. CMKs also support automatic key version updates for enhanced security. Since this recommendation applies specifically to storage accounts holding critical data, its assessment remains manual rather than automated.;4;100;FAIL;Storage account tfstatevignesh001 from subscription Azure subscription 1 (843e85de-3f5f-4614-967a-9f39f1fe9ba7) does not encrypt with CMKs.;/subscriptions/843e85de-3f5f-4614-967a-9f39f1fe9ba7/resourceGroups/tfstate-rg/providers/Microsoft.Storage/storageAccounts/tfstatevignesh001;tfstatevignesh001;storage_ensure_encryption_with_customer_managed_keys;False;ProwlerThreatScore;Prowler ThreatScore Compliance Framework for Azure
azure;Prowler ThreatScore Compliance Framework for Azure ensures that the Azure subscription is compliant taking into account four main pillars: Identity and Access Management, Attack Surface, Forensic Readiness and Encryption;843e85de-3f5f-4614-967a-9f39f1fe9ba7;centralindia;2026-06-27 09:46:44.662891;4.1.3;Ensure the 'Minimum TLS version' for storage accounts is set to 'Version 1.2';Minimum TLS version' for storage accounts is set to 'Version 1.2';4. Encryption;4.1 In-Transit;Ensure that the minimum TLS version for Azure Storage is set to TLS 1.2 or higher to mitigate security vulnerabilities associated with older TLS versions.;TLS 1.0 is outdated and has known security vulnerabilities that can expose data in transit to attacks and interception. Upgrading to TLS 1.2 or later enhances encryption security, ensuring secure communication between clients and Azure Storage while reducing the risk of data compromise.;2;8;PASS;Storage account ref3tierst7mog1c from subscription Azure subscription 1 (843e85de-3f5f-4614-967a-9f39f1fe9ba7) has TLS version set to 1.2.;/subscriptions/843e85de-3f5f-4614-967a-9f39f1fe9ba7/resourceGroups/ref3tier-dev-rg/providers/Microsoft.Storage/storageAccounts/ref3tierst7mog1c;ref3tierst7mog1c;storage_ensure_minimum_tls_version_12;False;ProwlerThreatScore;Prowler ThreatScore Compliance Framework for Azure
azure;Prowler ThreatScore Compliance Framework for Azure ensures that the Azure subscription is compliant taking into account four main pillars: Identity and Access Management, Attack Surface, Forensic Readiness and Encryption;843e85de-3f5f-4614-967a-9f39f1fe9ba7;centralindia;2026-06-27 09:46:44.662891;4.1.3;Ensure the 'Minimum TLS version' for storage accounts is set to 'Version 1.2';Minimum TLS version' for storage accounts is set to 'Version 1.2';4. Encryption;4.1 In-Transit;Ensure that the minimum TLS version for Azure Storage is set to TLS 1.2 or higher to mitigate security vulnerabilities associated with older TLS versions.;TLS 1.0 is outdated and has known security vulnerabilities that can expose data in transit to attacks and interception. Upgrading to TLS 1.2 or later enhances encryption security, ensuring secure communication between clients and Azure Storage while reducing the risk of data compromise.;2;8;FAIL;Storage account tfstatevignesh001 from subscription Azure subscription 1 (843e85de-3f5f-4614-967a-9f39f1fe9ba7) does not have TLS version set to 1.2.;/subscriptions/843e85de-3f5f-4614-967a-9f39f1fe9ba7/resourceGroups/tfstate-rg/providers/Microsoft.Storage/storageAccounts/tfstatevignesh001;tfstatevignesh001;storage_ensure_minimum_tls_version_12;False;ProwlerThreatScore;Prowler ThreatScore Compliance Framework for Azure
azure;Prowler ThreatScore Compliance Framework for Azure ensures that the Azure subscription is compliant taking into account four main pillars: Identity and Access Management, Attack Surface, Forensic Readiness and Encryption;843e85de-3f5f-4614-967a-9f39f1fe9ba7;centralindia;2026-06-27 09:46:44.662891;2.2.9;Ensure Private Endpoints are used to access Storage Accounts;Private Endpoint used to access Storage Accounts;2. Attack Surface;2.2 Storage;Use private endpoints for Azure Storage accounts to enable secure, encrypted access over a Private Link. Private endpoints assign an IP address from the Virtual Network (VNet) for each service, ensuring that network traffic remains isolated and encrypted within the VNet. This configuration helps segment network traffic, preventing external access while allowing secure communication between services. Additionally, VNets can extend addressing spaces or act as secure tunnels over public networks, connecting remote infrastructures securely.;Encrypting traffic between services protects sensitive data from interception and unauthorized access. Using private endpoints ensures that data remains within a controlled network environment, reducing exposure to external threats and enhancing overall security posture.;2;8;FAIL;Storage account ref3tierst7mog1c from subscription Azure subscription 1 (843e85de-3f5f-4614-967a-9f39f1fe9ba7) does not have private endpoint connections.;/subscriptions/843e85de-3f5f-4614-967a-9f39f1fe9ba7/resourceGroups/ref3tier-dev-rg/providers/Microsoft.Storage/storageAccounts/ref3tierst7mog1c;ref3tierst7mog1c;storage_ensure_private_endpoints_in_storage_accounts;False;ProwlerThreatScore;Prowler ThreatScore Compliance Framework for Azure
azure;Prowler ThreatScore Compliance Framework for Azure ensures that the Azure subscription is compliant taking into account four main pillars: Identity and Access Management, Attack Surface, Forensic Readiness and Encryption;843e85de-3f5f-4614-967a-9f39f1fe9ba7;centralindia;2026-06-27 09:46:44.662891;2.2.9;Ensure Private Endpoints are used to access Storage Accounts;Private Endpoint used to access Storage Accounts;2. Attack Surface;2.2 Storage;Use private endpoints for Azure Storage accounts to enable secure, encrypted access over a Private Link. Private endpoints assign an IP address from the Virtual Network (VNet) for each service, ensuring that network traffic remains isolated and encrypted within the VNet. This configuration helps segment network traffic, preventing external access while allowing secure communication between services. Additionally, VNets can extend addressing spaces or act as secure tunnels over public networks, connecting remote infrastructures securely.;Encrypting traffic between services protects sensitive data from interception and unauthorized access. Using private endpoints ensures that data remains within a controlled network environment, reducing exposure to external threats and enhancing overall security posture.;2;8;FAIL;Storage account tfstatevignesh001 from subscription Azure subscription 1 (843e85de-3f5f-4614-967a-9f39f1fe9ba7) does not have private endpoint connections.;/subscriptions/843e85de-3f5f-4614-967a-9f39f1fe9ba7/resourceGroups/tfstate-rg/providers/Microsoft.Storage/storageAccounts/tfstatevignesh001;tfstatevignesh001;storage_ensure_private_endpoints_in_storage_accounts;False;ProwlerThreatScore;Prowler ThreatScore Compliance Framework for Azure
